video_file_name,group_emotion,group_emotion_category,class_emotion,class_valence,class_arousal,event_emotion,event
199_1,8,2,8,0.41412348,0.49605614,0,0
159_3,8,1,8,0.44822398,0.4878043,0,0
294_31,3,1,3,0.39519677,0.41980988,9,7
27_14,8,1,8,0.51277226,0.49200475,0,5
212_11,2,0,2,0.5352373,0.491988,5,6
115_8,8,2,8,0.45982578,0.4630037,1,2
157_10,8,2,8,0.44786918,0.5126579,0,0
212_13,2,0,2,0.53113365,0.4557973,5,6
325_43,1,2,1,0.37643233,0.6265441,0,0
157_16,8,1,8,0.45354223,0.50824726,0,0
11_6,2,0,2,0.55459327,0.48675784,0,8
306_8,1,2,1,0.42505246,0.56692314,0,0
209_6,8,2,8,0.46925434,0.5010507,0,1
325_50,1,2,1,0.42956764,0.48509672,0,0
100_3,8,2,8,0.47396728,0.47980475,0,1
27_18,2,0,2,0.5752294,0.40699467,0,5
274_10,8,1,8,0.43036827,0.45630282,5,6
222_17,8,0,8,0.5013565,0.49516955,0,4
222_4,8,0,8,0.5085953,0.48459733,0,4
99_6,2,1,2,0.6114609,0.49036965,0,0
298_45,5,1,5,0.43628004,0.6404845,9,7
162_6,3,2,3,0.3876406,0.5020488,0,0
27_9,5,1,5,0.5089137,0.5210783,0,5
53_39,8,1,8,0.43544164,0.49129596,0,8
154_9,8,2,8,0.5265137,0.48125392,1,2
125_2,2,0,2,0.57997334,0.4041143,0,5
294_22,0,1,0,0.48261213,0.48925656,9,7
27_20,2,1,2,0.59486127,0.44264698,0,5
325_29,1,2,1,0.42544466,0.5491166,0,0
190_6,8,1,8,0.45299938,0.48278013,0,0
335_8,8,1,8,0.47779152,0.45395106,0,5
131_5,8,1,8,0.47163972,0.37450805,0,5
81_1,8,1,8,0.44581556,0.46887088,5,6
53_6,2,0,2,0.5448097,0.4703899,0,8
294_33,8,1,8,0.40530363,0.49630794,9,7
179_4,8,0,8,0.5064253,0.4432452,0,4
86_16,8,0,8,0.45759025,0.5149554,0,9
289_23,2,0,2,0.54131025,0.5627882,9,7
81_7,8,1,8,0.49414515,0.4906394,5,6
86_50,8,0,8,0.5199541,0.5235472,0,9
284_5,2,0,2,0.56121176,0.41132876,9,7
15_4,8,1,8,0.5051142,0.49183023,0,8
70_10,8,1,8,0.47687766,0.47532466,0,8
125_9,2,0,2,0.5229843,0.41839975,0,5
294_34,8,1,8,0.45114827,0.4156249,9,7
294_45,2,0,2,0.6092156,0.4474831,9,7
86_5,8,0,8,0.4612275,0.52016973,0,9
298_48,8,1,8,0.44919166,0.49607962,9,7
86_6,8,0,8,0.47712967,0.51051,0,9
86_10,2,0,2,0.52947295,0.53046024,0,9
159_9,8,1,8,0.48885745,0.48014802,0,0
86_27,8,2,8,0.46223238,0.53648,0,9
289_3,1,0,1,0.4502524,0.5378221,9,7
159_2,8,1,8,0.463603,0.46861613,0,0
53_27,2,0,2,0.5066911,0.46753168,0,8
77_3,2,0,2,0.5919798,0.4239444,9,7
53_16,8,0,8,0.500087,0.47835764,0,8
284_4,2,0,2,0.5027774,0.47887424,9,7
308_6,8,1,8,0.46070182,0.47736746,9,7
11_7,2,0,2,0.5317094,0.51105493,0,8
44_1,8,0,8,0.49991822,0.44210973,0,4
289_60,2,0,2,0.5401561,0.4536568,9,7
212_1,2,0,2,0.54347914,0.497231,5,6
31_8,2,0,2,0.5560614,0.5126788,9,7
294_25,8,1,8,0.39792815,0.4838127,9,7
289_47,8,0,8,0.5228422,0.46946883,9,7
45_6,2,0,2,0.4778754,0.50313324,0,8
212_12,2,0,2,0.5527575,0.49239933,5,6
11_9,8,0,8,0.49090567,0.49273175,0,8
53_4,2,0,2,0.54348373,0.453627,0,8
11_13,2,1,2,0.5278044,0.4714593,0,8
325_16,1,2,1,0.37287262,0.61233926,0,0
86_55,8,0,8,0.50846773,0.5085633,0,9
209_15,8,2,8,0.4923959,0.55274415,0,1
320_7,8,2,8,0.43926525,0.49086112,1,2
289_28,8,0,8,0.49833715,0.45839632,9,7
53_2,2,0,2,0.5681386,0.4680134,0,8
294_44,2,0,2,0.62754834,0.47488195,9,7
289_29,8,0,8,0.49634838,0.46640295,9,7
70_7,2,0,2,0.5438903,0.5067978,0,8
298_58,8,1,8,0.44265062,0.49010307,9,7
5_12,8,0,8,0.52823544,0.44564417,5,6
53_42,8,0,8,0.49008664,0.48600298,0,8
298_54,5,1,5,0.43850857,0.4889897,9,7
335_6,8,1,8,0.48459387,0.48192236,0,5
86_11,8,0,8,0.5095624,0.53231186,0,9
298_23,3,1,3,0.39029896,0.48105288,9,7
325_35,1,2,1,0.4444766,0.5488948,0,0
289_12,2,2,2,0.5374161,0.47331274,9,7
209_13,8,2,8,0.50028896,0.50837183,0,1
53_46,2,0,2,0.48334342,0.48727185,0,8
70_15,8,1,8,0.47435737,0.4614095,0,8
254_1,8,0,8,0.51665443,0.44349635,0,4
298_17,5,1,5,0.42344263,0.5840281,9,7
284_9,2,0,2,0.55673766,0.46498513,9,7
54_14,8,1,8,0.5092402,0.4216141,0,5
268_6,1,1,1,0.43589306,0.4748427,5,6
294_27,3,1,3,0.4125667,0.4416429,9,7
306_10,1,2,1,0.4131962,0.5753323,0,0
53_8,2,0,2,0.5370445,0.4405058,0,8
15_2,8,1,8,0.5191958,0.47702515,0,8
70_20,3,1,3,0.44449687,0.47564283,0,8
145_1,8,0,8,0.5035244,0.4739005,0,4
294_29,2,0,2,0.66552067,0.5187167,9,7
81_14,8,1,8,0.4262955,0.43720132,5,6
54_18,8,0,8,0.5075749,0.3974137,0,5
55_19,8,1,8,0.45056233,0.55590856,0,8
325_15,1,2,1,0.38479233,0.63295996,0,0
298_5,5,1,5,0.5273278,0.5150418,9,7
53_45,8,0,8,0.4638645,0.47394097,0,8
104_3,5,1,5,0.44250196,0.55273515,0,5
99_10,8,2,8,0.47710067,0.5061828,0,0
165_1,2,0,2,0.5912086,0.48704955,0,4
289_45,8,0,8,0.48193234,0.4816292,9,7
294_24,8,1,8,0.47691655,0.4061562,9,7
86_56,8,0,8,0.5086268,0.4946059,0,9
320_6,8,2,8,0.43508115,0.4954235,1,2
298_53,8,1,8,0.42532814,0.47419104,9,7
115_7,8,2,8,0.45763534,0.45552343,1,2
239_3,8,1,8,0.50507,0.41752368,5,6
325_38,1,2,1,0.40037912,0.5366967,0,0
325_53,1,2,1,0.4223022,0.5465045,0,0
45_1,8,0,8,0.498479,0.44283223,0,8
289_54,8,0,8,0.49511856,0.47042903,9,7
44_4,2,0,2,0.57109916,0.43498194,0,4
159_6,8,1,8,0.4757573,0.47820783,0,0
268_7,8,1,8,0.4698402,0.42732006,5,6
1_1,8,2,8,0.4374732,0.51059103,0,9
11_14,8,0,8,0.48182094,0.48078832,0,8
31_2,2,0,2,0.54865474,0.50141585,9,7
159_4,8,1,8,0.40872273,0.45153368,0,0
212_5,2,0,2,0.5516429,0.48438433,5,6
54_12,2,0,2,0.5608889,0.47102037,0,5
81_17,8,1,8,0.43326592,0.46525836,5,6
323_1,8,2,8,0.46552762,0.46896768,1,2
325_51,1,2,1,0.42125657,0.5195278,0,0
222_5,2,0,2,0.59400636,0.48573136,0,4
306_21,8,2,8,0.4212166,0.4828183,0,0
335_4,1,1,1,0.40565482,0.6031797,0,5
44_6,8,0,8,0.519231,0.49350268,0,4
298_29,8,1,8,0.49521887,0.43523487,9,7
294_21,8,1,8,0.43461877,0.4450046,9,7
320_17,1,2,1,0.37942028,0.56582296,1,2
70_3,2,0,2,0.5040878,0.49158245,0,8
53_35,8,1,8,0.45892364,0.47086433,0,8
11_3,8,0,8,0.49424857,0.4570136,0,8
274_3,8,1,8,0.4632535,0.45761374,5,6
289_42,8,0,8,0.4773875,0.48220706,9,7
284_1,8,1,8,0.42468557,0.43616885,9,7
154_2,0,1,0,0.53006923,0.48481953,1,2
289_20,8,0,8,0.5137734,0.48419914,9,7
115_6,8,2,8,0.46834123,0.46872848,1,2
86_39,8,2,8,0.5044031,0.4737334,0,9
1_2,8,2,8,0.5062207,0.48418385,0,9
5_14,2,0,2,0.51618034,0.52124643,5,6
53_44,8,1,8,0.45577812,0.47072187,0,8
86_12,8,0,8,0.51130295,0.5070714,0,9
268_1,8,1,8,0.4605029,0.50382996,5,6
325_34,1,2,1,0.43261927,0.54012275,0,0
306_9,1,2,1,0.39155865,0.6217748,0,0
222_13,8,0,8,0.4965158,0.49803287,0,4
154_5,8,2,8,0.47406402,0.47881016,1,2
145_3,8,0,8,0.5062334,0.48094565,0,4
21_1,8,1,8,0.4603654,0.4498572,0,5
15_5,2,0,2,0.57882553,0.48359323,0,8
298_34,3,1,3,0.44168293,0.3965093,9,7
53_31,8,1,8,0.4421219,0.44559118,0,8
86_18,8,2,8,0.4638504,0.47415113,0,9
284_3,2,1,2,0.5225272,0.4661123,9,7
306_15,8,2,8,0.45715886,0.47934163,0,0
325_52,1,2,1,0.40321085,0.53465533,0,0
306_4,1,2,1,0.4845978,0.54865646,0,0
53_50,2,0,2,0.61507744,0.5016666,0,8
289_63,8,0,8,0.5046858,0.46157458,9,7
70_8,1,0,1,0.46871758,0.50070274,0,8
150_1,8,2,8,0.44958806,0.492234,1,2
298_40,8,1,8,0.45462993,0.42329234,9,7
11_10,8,0,8,0.47292852,0.4815685,0,8
289_44,8,0,8,0.48915744,0.4671793,9,7
294_38,8,1,8,0.4179026,0.47269627,9,7
86_26,8,0,8,0.48186535,0.53657675,0,9
306_7,8,2,8,0.4353287,0.50488317,0,0
53_48,8,0,8,0.49689656,0.4505849,0,8
289_14,8,1,8,0.43198788,0.53803957,9,7
81_9,2,1,2,0.5118289,0.37976542,5,6
294_46,8,0,8,0.52247936,0.44717577,9,7
54_8,2,0,2,0.5621239,0.46775147,0,5
145_4,8,0,8,0.48137188,0.47236258,0,4
81_23,8,1,8,0.47174215,0.4588913,5,6
55_11,8,1,8,0.43969038,0.5499027,0,8
254_2,8,2,8,0.5066289,0.4667812,0,4
335_3,1,1,1,0.42388397,0.5591953,0,5
44_14,2,0,2,0.53032744,0.45918366,0,4
298_19,5,1,5,0.45579714,0.58608073,9,7
252_1,8,0,8,0.43567762,0.43803513,0,4
154_7,8,2,8,0.5214001,0.4538124,1,2
5_19,8,0,8,0.5288388,0.4091887,5,6
289_52,8,0,8,0.52287704,0.49016225,9,7
320_3,8,1,8,0.4362577,0.5093529,1,2
5_2,8,0,8,0.50831074,0.42232457,5,6
325_8,0,2,0,0.4141504,0.5694341,0,0
104_2,5,1,5,0.43050188,0.43399307,0,5
70_14,2,0,2,0.51318455,0.45957837,0,8
298_44,5,1,5,0.4446538,0.590145,9,7
298_14,3,1,3,0.39125898,0.46155512,9,7
86_8,8,0,8,0.51110256,0.51775014,0,9
314_2,2,1,2,0.59503627,0.4332268,5,3
86_3,8,0,8,0.4992057,0.5235567,0,9
294_32,8,1,8,0.40600526,0.431741,9,7
179_1,3,0,3,0.4533722,0.44617808,0,4
44_17,2,0,2,0.58818614,0.46027374,0,4
86_17,8,2,8,0.46201044,0.50412583,0,9
308_10,2,0,2,0.6110666,0.47785652,9,7
70_27,2,0,2,0.5573216,0.50486934,0,8
159_7,8,1,8,0.52913785,0.476308,0,0
70_17,3,0,3,0.4223601,0.4489416,0,8
115_5,8,2,8,0.4772439,0.46958008,1,2
294_43,8,0,8,0.48159984,0.45136264,9,7
298_7,8,1,8,0.49204445,0.41789737,9,7
179_5,2,0,2,0.5345337,0.44032842,0,4
83_1,8,1,8,0.49281323,0.46359137,5,6
298_6,8,1,8,0.4706855,0.46204808,9,7
289_67,8,1,8,0.48806036,0.44218597,9,7
70_26,8,0,8,0.4482575,0.47165027,0,8
294_18,8,1,8,0.41824242,0.4162169,9,7
70_4,2,0,2,0.52377814,0.49497956,0,8
81_8,8,1,8,0.44754046,0.4347545,5,6
298_41,3,1,3,0.44766223,0.40356442,9,7
11_12,2,0,2,0.5169929,0.4632228,0,8
298_16,8,1,8,0.39752275,0.48079628,9,7
306_11,1,2,1,0.4535409,0.5632094,0,0
53_49,8,0,8,0.5089852,0.4573635,0,8
53_21,2,0,2,0.58101165,0.46808645,0,8
27_8,0,1,0,0.5259097,0.5089377,0,5
11_4,2,0,2,0.5173101,0.49875927,0,8
212_9,8,0,8,0.51307845,0.49739876,5,6
320_12,8,2,8,0.46920264,0.5139595,1,2
55_4,8,1,8,0.48752242,0.5363332,0,8
70_19,8,1,8,0.46427706,0.45074093,0,8
54_3,2,0,2,0.56412154,0.4325725,0,5
5_4,8,0,8,0.51474214,0.4525971,5,6
284_2,2,0,2,0.55648917,0.4859119,9,7
99_8,8,2,8,0.48397672,0.52433825,0,0
86_36,8,2,8,0.4701053,0.51481116,0,9
289_37,8,0,8,0.5203189,0.49024773,9,7
294_5,2,0,2,0.5457621,0.42373237,9,7
54_15,8,1,8,0.5151402,0.41384897,0,5
86_28,8,2,8,0.4588725,0.52019334,0,9
289_10,2,0,2,0.56581795,0.5020879,9,7
181_7,3,2,3,0.41678023,0.4276004,0,0
289_65,8,0,8,0.48207772,0.48412228,9,7
70_9,2,0,2,0.55047333,0.49689794,0,8
199_2,1,2,1,0.42434886,0.4999071,0,0
115_9,8,2,8,0.45659184,0.4649793,1,2
212_4,2,0,2,0.5436904,0.46999264,5,6
154_3,8,2,8,0.490502,0.42182374,1,2
86_14,8,0,8,0.51050586,0.5043719,0,9
53_23,2,0,2,0.59216547,0.5157821,0,8
154_8,8,2,8,0.4856371,0.4675392,1,2
55_17,5,1,5,0.46986324,0.5478045,0,8
54_16,2,0,2,0.5520243,0.42573825,0,5
289_38,8,0,8,0.52000165,0.48160607,9,7
86_35,1,0,1,0.4882214,0.5856318,0,9
179_2,8,0,8,0.47225517,0.4155777,0,4
45_8,8,0,8,0.5033805,0.5209813,0,8
55_15,5,1,5,0.51924855,0.49738258,0,8
294_17,4,1,4,0.4310544,0.5675628,9,7
325_3,1,1,1,0.4217658,0.5428132,0,0
150_5,8,2,8,0.47629964,0.43653122,1,2
294_23,8,1,8,0.4582141,0.4809083,9,7
289_56,8,0,8,0.5057791,0.47651616,9,7
284_11,8,1,8,0.43979287,0.4747045,9,7
53_20,8,1,8,0.4969732,0.44326407,0,8
45_2,2,0,2,0.48820767,0.51682055,0,8
53_28,2,0,2,0.5173155,0.4955189,0,8
86_38,8,2,8,0.47521755,0.49113852,0,9
222_11,2,0,2,0.5663155,0.47504723,0,4
162_3,1,2,1,0.38072386,0.5375574,0,0
239_5,8,0,8,0.47720295,0.46366167,5,6
5_18,8,0,8,0.52842635,0.40835556,5,6
289_49,8,0,8,0.49281818,0.47114122,9,7
11_11,2,0,2,0.5359624,0.47231394,0,8
294_9,8,1,8,0.36951783,0.43458456,9,7
306_12,1,2,1,0.41849062,0.54781437,0,0
325_17,1,2,1,0.3850376,0.62771904,0,0
325_46,1,2,1,0.45050162,0.5078535,0,0
294_42,1,1,1,0.41020834,0.55812967,9,7
289_36,8,0,8,0.50913954,0.4727858,9,7
274_2,8,1,8,0.46244958,0.47710633,5,6
298_59,8,1,8,0.45860028,0.48104608,9,7
44_13,8,0,8,0.4943624,0.45232475,0,4
181_1,3,1,3,0.38396502,0.45150185,0,0
115_4,8,2,8,0.48006928,0.4644786,1,2
346_1,8,2,8,0.50628126,0.49043822,0,1
27_2,2,0,2,0.6310358,0.47736043,0,5
5_8,8,0,8,0.5179846,0.44570118,5,6
27_3,2,0,2,0.5120114,0.5462646,0,5
190_12,8,2,8,0.46519434,0.4965278,0,0
70_6,2,0,2,0.5230547,0.5027641,0,8
325_19,1,2,1,0.40597093,0.5767595,0,0
325_14,1,2,1,0.39816815,0.5740875,0,0
306_19,1,2,1,0.41588262,0.50181264,0,0
11_1,8,1,8,0.49236703,0.4682304,0,8
54_5,2,1,2,0.5362892,0.44867736,0,5
314_5,8,1,8,0.37812123,0.4415302,5,3
53_30,8,1,8,0.43326592,0.47051376,0,8
325_54,1,1,1,0.39878204,0.5904962,0,0
209_18,8,2,8,0.50302017,0.5177341,0,1
81_19,8,1,8,0.49943662,0.44121614,5,6
298_24,3,1,3,0.5038759,0.38350368,9,7
86_7,2,0,2,0.5276516,0.5309944,0,9
298_56,1,1,1,0.43876994,0.5129482,9,7
209_7,8,2,8,0.47529167,0.502784,0,1
325_32,1,1,1,0.4134581,0.5619074,0,0
274_1,8,1,8,0.5170205,0.43278158,5,6
125_3,2,0,2,0.59393513,0.43953696,0,5
55_7,8,1,8,0.47965664,0.49512476,0,8
289_35,8,0,8,0.49016225,0.48301995,9,7
284_8,2,1,2,0.56758726,0.43012625,9,7
289_55,8,1,8,0.49590057,0.48607033,9,7
298_13,5,1,5,0.4275543,0.50214225,9,7
294_3,8,1,8,0.47104418,0.40620434,9,7
325_47,1,2,1,0.43440917,0.5325845,0,0
298_9,8,1,8,0.44130602,0.46786,9,7
289_11,2,0,2,0.5687599,0.47358367,9,7
55_14,8,1,8,0.49695003,0.47670758,0,8
5_3,8,0,8,0.51237965,0.4006825,5,6
54_11,8,0,8,0.4867622,0.39298785,0,5
320_13,8,1,8,0.47613978,0.49933502,1,2
44_18,2,0,2,0.4968214,0.4285807,0,4
181_2,3,1,3,0.40441236,0.43161273,0,0
55_16,8,1,8,0.44851995,0.494183,0,8
179_6,8,0,8,0.48686117,0.40575543,0,4
212_2,2,0,2,0.50924176,0.46957526,5,6
289_58,2,0,2,0.5679532,0.47184774,9,7
308_9,2,0,2,0.5842459,0.45593607,9,7
308_2,1,1,1,0.44447133,0.5143472,9,7
70_12,2,0,2,0.512627,0.4599722,0,8
298_26,3,1,3,0.41070515,0.46143135,9,7
5_16,8,0,8,0.5175523,0.41478476,5,6
298_50,5,1,5,0.4361488,0.57248485,9,7
294_15,4,1,4,0.3867273,0.5902811,9,7
251_5,8,1,8,0.46812576,0.47150013,5,6
308_5,2,0,2,0.5954279,0.48081034,9,7
125_10,2,0,2,0.5730492,0.419084,0,5
53_34,8,1,8,0.4546096,0.44893223,0,8
181_8,3,2,3,0.4042477,0.38939607,0,0
289_46,2,0,2,0.5374135,0.46456867,9,7
320_10,1,2,1,0.436919,0.5304211,1,2
15_6,8,1,8,0.52711964,0.48148483,0,8
335_7,8,0,8,0.49094594,0.45625627,0,5
31_5,2,0,2,0.6362574,0.49647218,9,7
298_18,3,1,3,0.4243405,0.41176897,9,7
27_5,2,1,2,0.586267,0.39478636,0,5
27_13,1,1,1,0.393884,0.48827523,0,5
308_1,8,1,8,0.45409822,0.4907871,9,7
5_10,8,0,8,0.5158741,0.42419732,5,6
86_21,8,2,8,0.4465882,0.46850115,0,9
298_39,8,1,8,0.4469547,0.45630103,9,7
325_37,1,2,1,0.4183401,0.5389724,0,0
320_8,8,0,8,0.48438323,0.46553865,1,2
104_4,5,2,5,0.41209581,0.48526356,0,5
333_4,1,2,1,0.44143164,0.53756166,1,2
325_6,8,2,8,0.46145204,0.4724902,0,0
239_1,2,0,2,0.55005044,0.48731303,5,6
289_1,1,1,1,0.42939705,0.5516657,9,7
298_21,2,1,2,0.49154422,0.42876163,9,7
306_13,1,2,1,0.40637702,0.55574816,0,0
70_24,8,1,8,0.48881721,0.45165613,0,8
55_21,1,1,1,0.39430496,0.53677,0,8
70_21,8,1,8,0.44922644,0.4529005,0,8
298_52,8,1,8,0.45126653,0.49953222,9,7
143_1,8,0,8,0.47108334,0.44897515,0,5
314_4,8,1,8,0.39556143,0.46641433,5,3
325_10,0,2,0,0.42988974,0.45074493,0,0
53_10,2,0,2,0.5939066,0.4506547,0,8
289_9,8,0,8,0.48413008,0.5242294,9,7
298_57,8,1,8,0.45081332,0.45668977,9,7
54_9,2,0,2,0.5516547,0.4284446,0,5
222_12,2,0,2,0.55325615,0.47910786,0,4
55_8,1,1,1,0.43475762,0.5552373,0,8
325_40,1,2,1,0.40317243,0.5464212,0,0
159_5,8,1,8,0.43500543,0.48891056,0,0
239_2,2,0,2,0.55636525,0.45728937,5,6
325_22,1,2,1,0.40659547,0.52532756,0,0
11_15,2,0,2,0.5263879,0.49312717,0,8
325_27,1,1,1,0.3944777,0.55123115,0,0
125_8,4,2,4,0.47108275,0.44642156,0,5
54_17,8,1,8,0.53388846,0.449709,0,5
268_2,3,1,3,0.41202128,0.36582702,5,6
209_1,8,2,8,0.46993038,0.5144912,0,1
54_7,2,0,2,0.57047504,0.44634384,0,5
81_13,8,1,8,0.43998516,0.50200427,5,6
325_1,8,2,8,0.47161096,0.5111445,0,0
70_22,8,1,8,0.43913493,0.462168,0,8
306_2,8,2,8,0.45456696,0.50275326,0,0
53_7,2,0,2,0.5188509,0.44173422,0,8
289_50,8,0,8,0.52253556,0.4537919,9,7
11_5,8,0,8,0.5244602,0.46258554,0,8
289_13,8,0,8,0.4596217,0.4899334,9,7
320_1,8,2,8,0.46764627,0.4860304,1,2
298_55,8,1,8,0.5071045,0.46089783,9,7
323_2,8,2,8,0.47945148,0.5047153,1,2
70_30,2,1,2,0.49711272,0.52069134,0,8
289_66,8,1,8,0.4642591,0.4687285,9,7
55_5,8,1,8,0.465139,0.49940485,0,8
289_64,8,1,8,0.4845559,0.4795695,9,7
325_18,1,2,1,0.38670632,0.59125316,0,0
289_31,8,0,8,0.5117708,0.482013,9,7
5_7,8,0,8,0.5106992,0.45236775,5,6
289_33,8,0,8,0.49744135,0.45131364,9,7
325_56,2,2,2,0.5127076,0.45308742,0,0
86_19,8,2,8,0.48581606,0.47142658,0,9
284_6,2,0,2,0.5594021,0.41780955,9,7
45_10,2,0,2,0.537169,0.48794565,0,8
86_13,8,0,8,0.493694,0.5129949,0,9
157_7,8,1,8,0.4297624,0.49533218,0,0
308_8,2,1,2,0.50718915,0.46352202,9,7
298_30,1,1,1,0.46573532,0.48250055,9,7
320_4,8,2,8,0.41986966,0.52605915,1,2
294_7,8,1,8,0.44147342,0.41023892,9,7
268_5,8,1,8,0.5027482,0.45702118,5,6
298_49,1,1,1,0.40970334,0.51493937,9,7
289_17,8,0,8,0.49837434,0.4699556,9,7
294_39,3,1,3,0.35748664,0.44657126,9,7
100_4,8,2,8,0.49380508,0.48730224,0,1
325_4,8,2,8,0.4249703,0.52624255,0,0
70_23,1,1,1,0.43492338,0.5199245,0,8
333_2,8,1,8,0.4276432,0.4130252,1,2
86_29,8,2,8,0.4711377,0.48579183,0,9
86_43,8,0,8,0.45889178,0.5068797,0,9
190_14,8,2,8,0.49331486,0.50547546,0,0
251_3,8,1,8,0.40353525,0.4424873,5,6
306_16,8,2,8,0.45775345,0.4933132,0,0
294_12,8,1,8,0.45680758,0.48312914,9,7
143_5,2,0,2,0.52297395,0.41525513,0,5
190_2,8,2,8,0.46499354,0.46407032,0,0
298_37,8,1,8,0.44038552,0.46820265,9,7
31_7,2,0,2,0.5658734,0.4977674,9,7
5_5,8,0,8,0.50432336,0.46186852,5,6
44_25,2,0,2,0.5591603,0.47087407,0,4
294_16,4,1,4,0.38825533,0.5927354,9,7
298_27,0,1,0,0.42476746,0.5035527,9,7
325_2,1,2,1,0.40749028,0.5417549,0,0
294_4,8,1,8,0.47995192,0.4445232,9,7
306_6,8,2,8,0.46628803,0.52388406,0,0
325_42,1,2,1,0.40919682,0.5762874,0,0
274_4,8,1,8,0.47321066,0.4518129,5,6
237_6,8,1,8,0.38585448,0.48650423,5,6
165_3,2,0,2,0.543017,0.5000681,0,4
294_28,8,1,8,0.43213636,0.4624795,9,7
53_14,8,1,8,0.46344337,0.4877696,0,8
306_20,8,2,8,0.48293227,0.51559484,0,0
298_25,3,1,3,0.4754361,0.4234631,9,7
99_2,8,2,8,0.49150708,0.49723983,0,0
115_10,8,2,8,0.4592789,0.4669183,1,2
325_23,1,2,1,0.43106878,0.52675563,0,0
289_61,2,0,2,0.5556941,0.4430354,9,7
289_41,2,0,2,0.5457615,0.476744,9,7
325_44,1,2,1,0.40317816,0.5781582,0,0
54_4,5,1,5,0.55517733,0.4329859,0,5
27_11,2,0,2,0.66865027,0.49902052,0,5
55_9,4,1,4,0.4187752,0.511476,0,8
125_6,8,2,8,0.411177,0.41125977,0,5
306_18,1,2,1,0.4415731,0.5239056,0,0
53_33,8,1,8,0.45198652,0.46353582,0,8
294_20,8,1,8,0.47088322,0.4527316,9,7
44_12,8,0,8,0.48630548,0.45742697,0,4
237_2,8,1,8,0.48354757,0.48076636,5,6
294_40,2,0,2,0.47792011,0.45919427,9,7
53_43,8,1,8,0.42136335,0.4740153,0,8
342_1,8,2,8,0.46288854,0.5185084,0,1
44_11,8,1,8,0.4872596,0.43540227,0,4
86_47,8,0,8,0.5094484,0.5126555,0,9
289_40,8,0,8,0.5321108,0.4773478,9,7
31_4,2,0,2,0.62612975,0.49437582,9,7
53_47,8,0,8,0.49465287,0.47675157,0,8
325_13,1,2,1,0.39280602,0.5035082,0,0
325_39,1,2,1,0.41982853,0.5532202,0,0
294_11,8,1,8,0.43082127,0.49788886,9,7
298_3,8,1,8,0.4351688,0.4676267,9,7
298_43,5,0,5,0.50216407,0.50564283,9,7
294_36,2,0,2,0.56512123,0.47086108,9,7
298_42,8,1,8,0.43640715,0.536803,9,7
308_4,1,1,1,0.42880046,0.52098906,9,7
53_25,5,0,5,0.51377094,0.50008875,0,8
157_14,8,1,8,0.44259012,0.48849982,0,0
239_4,2,0,2,0.52720803,0.45244896,5,6
212_14,2,0,2,0.5169815,0.472928,5,6
27_21,2,1,2,0.60361445,0.40650564,0,5
181_4,8,1,8,0.4386636,0.45516515,0,0
181_9,3,1,3,0.41089344,0.37392977,0,0
53_15,2,2,2,0.5064503,0.4957461,0,8
332_3,8,0,8,0.43853903,0.5215442,1,2
333_1,8,2,8,0.47349483,0.51508445,1,2
45_9,2,0,2,0.5531702,0.49731857,0,8
131_3,8,0,8,0.54675895,0.45070332,0,5
53_18,2,0,2,0.54769015,0.48403633,0,8
70_29,2,0,2,0.5127144,0.45251128,0,8
289_32,2,0,2,0.58187246,0.46466675,9,7
289_6,8,0,8,0.47636783,0.5127945,9,7
53_32,2,0,2,0.51148593,0.48316205,0,8
298_4,1,1,1,0.49563366,0.48166606,9,7
81_4,8,1,8,0.43429202,0.48855227,5,6
222_10,2,1,2,0.5413247,0.48241046,0,4
294_47,8,0,8,0.50299275,0.4370612,9,7
298_51,5,1,5,0.4244582,0.5417566,9,7
162_1,1,2,1,0.3661938,0.628325,0,0
294_6,2,1,2,0.5500972,0.47333378,9,7
209_9,8,2,8,0.47584957,0.5087507,0,1
237_3,8,1,8,0.48016652,0.474586,5,6
294_14,8,1,8,0.38193023,0.5499013,9,7
325_9,3,2,3,0.38940278,0.5072011,0,0
335_9,8,0,8,0.5098847,0.4535209,0,5
333_3,1,2,1,0.43086484,0.5558562,1,2
298_28,8,1,8,0.47433823,0.43525293,9,7
305_2,8,0,8,0.48976588,0.4411771,5,6
332_1,8,2,8,0.51742685,0.45290202,1,2
31_3,2,0,2,0.5467085,0.5047542,9,7
274_6,1,1,1,0.4070562,0.471185,5,6
289_24,8,0,8,0.51494706,0.49107957,9,7
251_2,8,1,8,0.42503074,0.45357087,5,6
162_4,1,2,1,0.39592615,0.5459984,0,0
298_33,8,1,8,0.41909903,0.4274317,9,7
55_3,8,1,8,0.46754676,0.49173492,0,8
212_7,2,0,2,0.5765265,0.46730044,5,6
15_3,8,1,8,0.5130646,0.46579972,0,8
268_3,3,1,3,0.38354468,0.4441554,5,6
298_12,3,0,3,0.474728,0.4549997,9,7
5_11,8,0,8,0.5069757,0.39599806,5,6
294_48,8,1,8,0.5361398,0.41906935,9,7
86_44,8,0,8,0.47502908,0.5154264,0,9
294_8,8,1,8,0.46980757,0.4384564,9,7
212_10,2,0,2,0.53111136,0.4980386,5,6
335_5,8,0,8,0.50081635,0.47735822,0,5
325_57,1,1,1,0.42327613,0.5029539,0,0
81_21,8,1,8,0.41456807,0.42717195,5,6
298_36,8,1,8,0.46394163,0.4210382,9,7
55_22,8,1,8,0.4412035,0.5048436,0,8
289_4,1,0,1,0.48942527,0.58277386,9,7
209_8,8,2,8,0.47555533,0.49413162,0,1
86_4,8,0,8,0.5073031,0.52336615,0,9
284_7,2,0,2,0.59448177,0.4197492,9,7
289_26,8,0,8,0.50392616,0.46531925,9,7
209_2,8,2,8,0.48087412,0.5132625,0,1
294_26,3,1,3,0.40494496,0.4438321,9,7
31_6,2,0,2,0.62931085,0.46483108,9,7
289_39,2,0,2,0.5513103,0.4805369,9,7
115_1,8,2,8,0.5008938,0.4918787,1,2
325_11,1,2,1,0.44025612,0.5048221,0,0
54_19,8,1,8,0.52424544,0.43470725,0,5
99_9,8,2,8,0.43972546,0.5147382,0,0
5_6,8,0,8,0.52472925,0.44008577,5,6
152_4,8,2,8,0.52288216,0.48256662,1,2
86_30,8,2,8,0.49060962,0.5053344,0,9
325_7,4,2,4,0.38715282,0.5591211,0,0
53_26,2,0,2,0.52173567,0.4977312,0,8
27_19,2,0,2,0.6235739,0.4413886,0,5
11_17,8,0,8,0.5070197,0.46991748,0,8
81_24,5,1,5,0.47920904,0.55631065,5,6
207_1,8,2,8,0.48104662,0.5209674,0,1
131_8,3,1,3,0.46624714,0.3779632,0,5
298_32,8,1,8,0.43629184,0.42397538,9,7
44_23,2,0,2,0.5605257,0.47646886,0,4
86_49,8,2,8,0.47906983,0.5100191,0,9
212_6,2,0,2,0.5572859,0.45063132,5,6
289_19,8,0,8,0.5151275,0.46907043,9,7
289_2,2,0,2,0.5342796,0.5193511,9,7
55_20,5,1,5,0.44089082,0.52234054,0,8
298_1,2,0,2,0.51568276,0.4297882,9,7
325_33,1,2,1,0.43558097,0.5267351,0,0
70_25,2,1,2,0.51779735,0.51452863,0,8
298_10,2,0,2,0.5555485,0.46950248,9,7
306_17,8,2,8,0.47310647,0.4833574,0,0
289_22,8,1,8,0.50231075,0.4585656,9,7
81_25,8,1,8,0.47898805,0.44175294,5,6
53_13,2,0,2,0.55536973,0.49181774,0,8
5_9,8,0,8,0.5122538,0.40896022,5,6
150_4,8,2,8,0.47127423,0.35913566,1,2
320_11,8,1,8,0.43885872,0.44533497,1,2
289_25,8,0,8,0.49485457,0.51534534,9,7
181_5,3,0,3,0.4120915,0.41827145,0,0
157_9,8,2,8,0.44146138,0.50964665,0,0
289_27,8,0,8,0.50095725,0.46157295,9,7
335_10,8,1,8,0.47035116,0.46366647,0,5
44_16,2,0,2,0.55103016,0.49143785,0,4
294_2,8,0,8,0.4376245,0.4658306,9,7
298_31,8,1,8,0.42271844,0.4157099,9,7
274_7,8,1,8,0.38807032,0.43845528,5,6
53_17,2,0,2,0.5596018,0.46912563,0,8
27_6,2,0,2,0.6109705,0.48859617,0,5
199_3,1,2,1,0.4230228,0.5141088,0,0
86_32,8,2,8,0.4750459,0.51929367,0,9
325_25,3,2,3,0.43248212,0.4470309,0,0
325_28,1,2,1,0.50529563,0.52581275,0,0
325_24,1,2,1,0.4243738,0.50512075,0,0
325_26,1,2,1,0.4059005,0.5602726,0,0
209_5,8,2,8,0.47968328,0.48547333,0,1
325_31,1,1,1,0.40974873,0.5373343,0,0
289_30,8,0,8,0.5171358,0.49254453,9,7
70_11,2,0,2,0.5408175,0.4905271,0,8
298_8,8,1,8,0.48568115,0.44374907,9,7
274_5,8,1,8,0.44879594,0.46542186,5,6
289_5,2,0,2,0.5351097,0.57048035,9,7
294_19,8,1,8,0.49638736,0.46676072,9,7
11_8,2,0,2,0.55089235,0.5078168,0,8
53_5,2,1,2,0.53289855,0.44442746,0,8
44_28,8,0,8,0.49260652,0.44160956,0,4
86_20,8,2,8,0.4694978,0.48020768,0,9
53_12,8,0,8,0.45262438,0.47295043,0,8
77_4,2,1,2,0.5463256,0.48840985,9,7
294_37,8,1,8,0.43287006,0.54765487,9,7
320_15,1,2,1,0.35,0.67499995,1,2
5_17,8,0,8,0.51604354,0.44426826,5,6
45_4,8,0,8,0.512545,0.47324842,0,8
306_3,1,2,1,0.4304887,0.5577744,0,0
11_16,8,0,8,0.49299824,0.49190784,0,8
294_30,2,0,2,0.67499995,0.533512,9,7
100_1,8,2,8,0.5030892,0.49036223,0,1
159_1,8,1,8,0.46922612,0.48834357,0,0
86_40,2,0,2,0.5182661,0.5302534,0,9
53_38,8,1,8,0.44883624,0.47842073,0,8
305_1,8,0,8,0.47477674,0.45030642,5,6
325_12,1,2,1,0.43070585,0.50219506,0,0
325_30,1,2,1,0.43599465,0.55296355,0,0
53_22,2,0,2,0.5159394,0.46774074,0,8
289_7,2,0,2,0.5083238,0.514009,9,7
289_18,8,0,8,0.51871467,0.4659375,9,7
268_4,1,1,1,0.420045,0.51374143,5,6
239_7,8,0,8,0.49566907,0.4489548,5,6
289_34,2,0,2,0.5617002,0.46189448,9,7
53_24,2,0,2,0.5222009,0.46811962,0,8
237_5,8,1,8,0.39997882,0.49113864,5,6
320_9,8,0,8,0.4735269,0.4767192,1,2
54_10,8,1,8,0.502168,0.417033,0,5
99_3,8,2,8,0.49635893,0.5084697,0,0
44_20,2,0,2,0.5501145,0.48082656,0,4
150_3,8,2,8,0.47192448,0.36076978,1,2
325_45,1,2,1,0.39564288,0.5765946,0,0
86_33,8,1,8,0.47236422,0.5134201,0,9
308_7,8,1,8,0.49701178,0.44498774,9,7
53_11,8,0,8,0.4789046,0.4597918,0,8
86_41,8,0,8,0.49733973,0.5082643,0,9
298_20,3,1,3,0.47561565,0.39460352,9,7
308_3,1,1,1,0.42575845,0.49480885,9,7
298_47,8,1,8,0.42363134,0.48877186,9,7
289_62,2,0,2,0.5834608,0.4502712,9,7
81_18,8,1,8,0.42994297,0.46948293,5,6
165_2,2,0,2,0.581377,0.5327748,0,4
294_35,8,1,8,0.48296604,0.4410623,9,7
115_3,8,2,8,0.4985469,0.48460758,1,2
289_43,8,0,8,0.5113571,0.46929944,9,7
335_2,1,1,1,0.44887868,0.5434025,0,5
190_8,8,2,8,0.4586377,0.46981698,0,0
325_49,1,1,1,0.40378067,0.49727058,0,0
27_17,2,1,2,0.5724297,0.4537574,0,5
298_38,3,1,3,0.43196544,0.38869053,9,7
53_41,2,0,2,0.47576624,0.45811015,0,8
305_3,8,0,8,0.4685812,0.4588339,5,6
31_9,5,1,5,0.5358869,0.504105,9,7
289_48,8,1,8,0.48052314,0.46983844,9,7
86_31,8,0,8,0.5025654,0.4894204,0,9
294_41,3,1,3,0.38014835,0.47438574,9,7
44_2,2,0,2,0.6042396,0.5560291,0,4
55_18,5,0,5,0.5004365,0.5140552,0,8
294_1,8,0,8,0.4790454,0.4661741,9,7
145_2,8,0,8,0.5040576,0.48552018,0,4
325_20,1,2,1,0.45279366,0.5261334,0,0
306_1,8,2,8,0.4500928,0.5007171,0,0
335_1,8,1,8,0.48328373,0.46230197,0,5
298_15,0,1,0,0.4105276,0.47904763,9,7
154_10,8,1,8,0.52076745,0.5388262,1,2
251_1,8,1,8,0.44166827,0.47942978,5,6
320_5,8,2,8,0.42421365,0.52186567,1,2
298_11,5,0,5,0.52176386,0.5297317,9,7
298_2,8,1,8,0.45835328,0.44778624,9,7
53_37,8,1,8,0.44143188,0.45010975,0,8
53_3,2,0,2,0.5781959,0.48659706,0,8
320_2,8,2,8,0.40983135,0.5552441,1,2
320_14,1,2,1,0.40732443,0.5387014,1,2
306_5,8,2,8,0.46427774,0.5419914,0,0
86_58,8,0,8,0.5140102,0.49549288,0,9
11_2,8,0,8,0.502174,0.46521991,0,8
289_8,8,0,8,0.51560646,0.45039657,9,7
5_13,8,0,8,0.4945491,0.42178285,5,6
27_16,1,1,1,0.44000787,0.4654481,0,5
323_4,8,2,8,0.48068425,0.47134078,1,2
222_16,8,0,8,0.49507618,0.4990305,0,4
86_2,8,0,8,0.5022934,0.51278883,0,9
325_41,1,2,1,0.4355669,0.5525931,0,0
86_23,8,2,8,0.46727633,0.4964692,0,9
86_37,8,2,8,0.43558162,0.5249043,0,9
27_4,2,0,2,0.56924915,0.45845193,0,5
222_7,8,0,8,0.5156776,0.47813958,0,4
55_2,8,1,8,0.43833163,0.5220034,0,8
152_1,8,1,8,0.49232334,0.4827511,1,2
55_23,1,1,1,0.41941965,0.5625257,0,8
320_16,1,2,1,0.38599408,0.5828353,1,2
131_6,0,0,0,0.4765299,0.44910777,0,5
53_9,2,0,2,0.5058119,0.43696696,0,8
54_13,2,1,2,0.54644835,0.44203427,0,5
325_5,8,2,8,0.45284158,0.5280674,0,0
5_15,8,0,8,0.52002835,0.4428309,5,6
222_15,2,0,2,0.53242254,0.5271665,0,4
294_10,8,1,8,0.3706458,0.438371,9,7
55_10,8,1,8,0.44387513,0.5320642,0,8
86_42,8,0,8,0.4860726,0.52590555,0,9
125_5,1,1,1,0.40502498,0.47223017,0,5
289_16,8,0,8,0.4889971,0.49517867,9,7
325_36,1,2,1,0.41508064,0.5636057,0,0
44_29,5,0,5,0.48070794,0.4820639,0,4
289_59,2,0,2,0.58062655,0.46163833,9,7
55_13,5,1,5,0.51603305,0.5296124,0,8
254_6,8,0,8,0.49202812,0.4621512,0,4
222_18,8,1,8,0.5033159,0.50873595,0,4
44_9,2,0,2,0.5321852,0.4615204,0,4
154_4,8,2,8,0.50964314,0.49108624,1,2
298_46,5,1,5,0.4503023,0.5682459,9,7
306_14,1,2,1,0.42353797,0.554395,0,0
284_10,8,1,8,0.47932035,0.4450856,9,7
53_40,8,1,8,0.4799379,0.47564858,0,8
150_2,8,2,8,0.48000178,0.40518764,1,2
44_26,8,0,8,0.5056987,0.458907,0,4
44_22,2,0,2,0.56745106,0.47832656,0,4
55_25,8,1,8,0.45521322,0.5347205,0,8
115_2,8,2,8,0.48985898,0.4963498,1,2
325_48,1,1,1,0.39788494,0.5088719,0,0
86_34,8,2,8,0.45995164,0.5291079,0,9
284_12,8,1,8,0.5155003,0.39924943,9,7
53_1,2,0,2,0.6087922,0.49978495,0,8
53_19,8,1,8,0.48099202,0.4617686,0,8
143_2,3,1,3,0.39608496,0.38881642,0,5
54_1,8,1,8,0.5315809,0.42882222,0,5
289_57,8,0,8,0.51771164,0.46678728,9,7
86_54,8,0,8,0.51718634,0.52327555,0,9
325_55,1,2,1,0.41327712,0.5907767,0,0
53_36,8,1,8,0.46264595,0.44834545,0,8
332_2,8,2,8,0.49651402,0.47249407,1,2
194_1,0,2,0,0.57980204,0.50395226,0,0
289_15,8,0,8,0.5005102,0.50419927,9,7
239_8,2,0,2,0.5567746,0.46799776,5,6
289_21,8,1,8,0.49174404,0.4967457,9,7
323_3,8,2,8,0.50196666,0.5213882,1,2
209_14,8,2,8,0.505387,0.49779052,0,1
209_12,8,2,8,0.49593928,0.49811608,0,1
298_22,2,1,2,0.48790574,0.40260667,9,7
44_15,8,1,8,0.44103953,0.35,0,4
45_5,2,0,2,0.54893106,0.49680853,0,8
289_53,8,0,8,0.5046736,0.5105411,9,7
81_6,2,0,2,0.56245756,0.49590063,5,6
298_35,3,1,3,0.42615813,0.45213142,9,7
125_1,8,1,8,0.48498753,0.4213615,0,5
314_3,8,1,8,0.3738648,0.47107583,5,3
207_3,8,2,8,0.48154944,0.5393935,0,1
289_68,8,1,8,0.483755,0.45195872,9,7
53_29,8,0,8,0.47576454,0.47739655,0,8
86_48,8,2,8,0.4919261,0.50581646,0,9
181_3,3,2,3,0.42215553,0.4232949,0,0
86_24,8,2,8,0.46770704,0.51432335,0,9
325_21,1,2,1,0.4343861,0.52624303,0,0
237_1,8,1,8,0.44079182,0.494507,5,6
